,CHROM,start,end,strand,gene_id,transcript_id,gene_type,gene_status,gene_name,transcript_type,transcript_status,transcript_name,POS,REF,ALT,FILTER
51,1,1246965,1260071,-,ENSG00000127054.14,ENSG00000127054.14,protein_coding,KNOWN,CPSF3L,protein_coding,KNOWN,CPSF3L,1249187,G,[A],[]
123,1,16010967,16011053,+,ENSG00000264048.1,ENSG00000264048.1,miRNA,NOVEL,AL121992.1,miRNA,NOVEL,AL121992.1,16011005,G,[GGGC],[]
269,1,33351595,33364042,+,ENSG00000121905.5,ENSG00000121905.5,protein_coding,KNOWN,HPCA,protein_coding,KNOWN,HPCA,33358865,C,[T],[]
424,1,115825655,115910693,+,ENSG00000228035.1,ENSG00000228035.1,antisense,NOVEL,RP4-663N10.1,antisense,NOVEL,RP4-663N10.1,115829313,G,[A],[]
425,1,115828539,115880857,-,ENSG00000134259.3,ENSG00000134259.3,protein_coding,KNOWN,NGF,protein_coding,KNOWN,NGF,115829313,G,[A],[]
457,1,147229426,147230517,+,ENSG00000234482.1,ENSG00000234482.1,antisense,NOVEL,RP11-433J22.2,antisense,NOVEL,RP11-433J22.2,147230217,T,[C],[]
518,1,161274525,161279762,-,ENSG00000158887.11,ENSG00000158887.11,protein_coding,KNOWN,MPZ,protein_coding,KNOWN,MPZ,161276434,A,[G],[]
618,1,226124298,226129189,-,ENSG00000143768.7,ENSG00000143768.7,protein_coding,KNOWN,LEFTY2,protein_coding,KNOWN,LEFTY2,226125543,G,[GA],[]
639,1,229566992,229569845,-,ENSG00000143632.10,ENSG00000143632.10,protein_coding,KNOWN,ACTA1,protein_coding,KNOWN,ACTA1,229568231,T,[G],[]
857,1,242251689,242687998,-,ENSG00000180287.11,ENSG00000180287.11,protein_coding,KNOWN,PLD5,protein_coding,KNOWN,PLD5,242431312,T,[A],[]
1091,2,73114489,73119287,+,ENSG00000116096.5,ENSG00000116096.5,protein_coding,KNOWN,SPR,protein_coding,KNOWN,SPR,73115997,G,[A],[]
1131,2,85766288,85772403,+,ENSG00000168906.8,ENSG00000168906.8,protein_coding,KNOWN,MAT2A,protein_coding,KNOWN,MAT2A,85769246,G,[A],[]
1195,2,136664247,136743670,-,ENSG00000115866.6,ENSG00000115866.6,protein_coding,KNOWN,DARS,protein_coding,KNOWN,DARS,136707982,T,[C],[]
1422,2,158592958,158732374,-,ENSG00000115170.9,ENSG00000115170.9,protein_coding,KNOWN,ACVR1,protein_coding,KNOWN,ACVR1,158667217,T,[C],[]
1622,2,179441830,179442349,+,ENSG00000271011.1,ENSG00000271011.1,antisense,NOVEL,RP11-171I2.5,antisense,NOVEL,RP11-171I2.5,179442292,TA,[T],[]
1625,2,179443517,179445633,+,ENSG00000270574.1,ENSG00000270574.1,antisense,NOVEL,RP11-171I2.2,antisense,NOVEL,RP11-171I2.2,179444768,C,[G],[]
1909,2,219128850,219134980,-,ENSG00000127837.5,ENSG00000127837.5,protein_coding,KNOWN,AAMP,protein_coding,KNOWN,AAMP,219134950,C,[T],[]
1940,2,237476430,237491001,+,ENSG00000144476.5,ENSG00000144476.5,protein_coding,KNOWN,ACKR3,protein_coding,KNOWN,ACKR3,237481969,G,[A],[]
2014,3,8775486,8883492,+,ENSG00000182533.6,ENSG00000182533.6,protein_coding,KNOWN,CAV3,protein_coding,KNOWN,CAV3,8775661,C,[T],[]
2025,3,9975506,9987097,+,ENSG00000163703.13,ENSG00000163703.13,protein_coding,KNOWN,CRELD1,protein_coding,KNOWN,CRELD1,9976159,A,[G],[]
2220,3,49158547,49170551,-,ENSG00000172037.9,ENSG00000172037.9,protein_coding,KNOWN,LAMB2,protein_coding,KNOWN,LAMB2,49166069,C,[T],[]
2225,3,49754267,49761349,-,ENSG00000176020.7,ENSG00000176020.7,protein_coding,KNOWN,AMIGO3,protein_coding,KNOWN,AMIGO3,49760039,T,[C],[]
2226,3,49754277,49761384,-,ENSG00000173540.8,ENSG00000173540.8,protein_coding,KNOWN,GMPPB,protein_coding,KNOWN,GMPPB,49760039,T,[C],[]
2250,3,71003844,71633140,-,ENSG00000114861.14,ENSG00000114861.14,protein_coding,KNOWN,FOXP1,protein_coding,KNOWN,FOXP1,71480566,C,[A],[]
2264,3,108099216,108248169,-,ENSG00000144821.5,ENSG00000144821.5,protein_coding,KNOWN,MYH15,protein_coding,KNOWN,MYH15,108172817,C,[T],[]
2333,3,128628709,128721533,-,ENSG00000114656.6,ENSG00000114656.6,protein_coding,KNOWN,KIAA1257,protein_coding,KNOWN,KIAA1257,128631672,GGA,[G],[]
2334,3,128628717,128690173,-,ENSG00000187695.6,ENSG00000187695.6,protein_coding,NOVEL,RP11-723O4.6,protein_coding,NOVEL,RP11-723O4.6,128631672,GGA,[G],[]
2347,3,132440594,132593067,+,ENSG00000248724.2,ENSG00000248724.2,antisense,KNOWN,NPHP3-AS1,antisense,KNOWN,NPHP3-AS1,132441248,CGGAACGGAACGGGACGGGGTGGGGCAGA,[C],[]
2405,4,38792298,38858438,-,ENSG00000174125.3,ENSG00000174125.3,protein_coding,KNOWN,TLR1,protein_coding,KNOWN,TLR1,38815502,A,[C],[]
2697,5,16616035,16630078,+,ENSG00000246214.1,ENSG00000246214.1,antisense,NOVEL,RP11-260E18.1,antisense,NOVEL,RP11-260E18.1,16617099,A,[G],[]
2724,5,36606457,36688436,+,ENSG00000079215.9,ENSG00000079215.9,protein_coding,KNOWN,SLC1A3,protein_coding,KNOWN,SLC1A3,36666071,C,[T],[]
2725,5,58264865,59817947,-,ENSG00000113448.12,ENSG00000113448.12,protein_coding,KNOWN,PDE4D,protein_coding,KNOWN,PDE4D,59759657,C,[T],[]
2804,5,130494720,130507428,-,ENSG00000169567.7,ENSG00000169567.7,protein_coding,KNOWN,HINT1,protein_coding,KNOWN,HINT1,130498011,CA,[C],['QdFilter']
2827,5,136310987,136934068,-,ENSG00000152377.8,ENSG00000152377.8,protein_coding,KNOWN,SPOCK1,protein_coding,KNOWN,SPOCK1,136633338,G,[A],[]
2976,5,179233388,179265078,+,ENSG00000161011.15,ENSG00000161011.15,protein_coding,KNOWN,SQSTM1,protein_coding,KNOWN,SQSTM1,179261027,A,[G],[]
3336,6,151977826,152450754,+,ENSG00000091831.16,ENSG00000091831.16,protein_coding,KNOWN,ESR1,protein_coding,KNOWN,ESR1,152443389,C,[T],[]
3455,6,152701681,152702699,+,ENSG00000234577.1,ENSG00000234577.1,antisense,NOVEL,SYNE1-AS1,antisense,NOVEL,SYNE1-AS1,152701996,C,[T],[]
3729,7,26229547,26241149,-,ENSG00000122566.16,ENSG00000122566.16,protein_coding,KNOWN,HNRNPA2B1,protein_coding,KNOWN,HNRNPA2B1,26235344,C,[A],[]
3730,7,27870192,28220362,-,ENSG00000153814.7,ENSG00000153814.7,protein_coding,KNOWN,JAZF1,protein_coding,KNOWN,JAZF1,28172732,C,[T],[]
3783,7,81638493,81659271,+,ENSG00000223770.1,ENSG00000223770.1,antisense,NOVEL,MIR1255B1,antisense,NOVEL,MIR1255B1,81641570,GA,[G],[]
4090,8,18384811,18942240,-,ENSG00000156011.12,ENSG00000156011.12,protein_coding,KNOWN,PSD3,protein_coding,KNOWN,PSD3,18544452,T,[C],[]
4101,8,24814135,24814624,+,ENSG00000272157.1,ENSG00000272157.1,antisense,NOVEL,CTD-2168K21.2,antisense,NOVEL,CTD-2168K21.2,24814205,G,[T],[]
4109,8,37594117,37616619,+,ENSG00000147475.10,ENSG00000147475.10,protein_coding,KNOWN,ERLIN2,protein_coding,KNOWN,ERLIN2,37611414,CT,[C],[]
4112,8,42948658,42978577,+,ENSG00000185900.5,ENSG00000185900.5,protein_coding,KNOWN,SGK196,protein_coding,KNOWN,SGK196,42959007,C,[A],[]
4178,8,110586207,110704020,-,ENSG00000147642.12,ENSG00000147642.12,protein_coding,KNOWN,SYBU,protein_coding,KNOWN,SYBU,110602639,G,[GT],[]
4179,8,121925305,122131994,+,ENSG00000253619.1,ENSG00000253619.1,lincRNA,NOVEL,RP11-369K17.1,lincRNA,NOVEL,RP11-369K17.1,122124302,A,[G],[]
4187,8,126052926,126057231,+,ENSG00000253167.1,ENSG00000253167.1,antisense,NOVEL,KIAA0196-AS1,antisense,NOVEL,KIAA0196-AS1,126056215,G,[GC],[]
4257,8,145577795,145584932,+,ENSG00000185803.4,ENSG00000185803.4,protein_coding,KNOWN,SLC52A2,protein_coding,KNOWN,SLC52A2,145582839,T,[C],[]
4258,8,145579091,145583036,-,ENSG00000182325.6,ENSG00000182325.6,protein_coding,KNOWN,FBXL6,protein_coding,KNOWN,FBXL6,145582839,T,[C],[]
4360,9,95473645,95527094,-,ENSG00000185963.9,ENSG00000185963.9,protein_coding,KNOWN,BICD2,protein_coding,KNOWN,BICD2,95526685,G,[A],[]
4470,9,130578345,130584799,+,ENSG00000225032.1,ENSG00000225032.1,antisense,NOVEL,RP11-228B15.4,antisense,NOVEL,RP11-228B15.4,130581219,CT,[C],[]
4767,10,17184253,17244053,-,ENSG00000107614.17,ENSG00000107614.17,protein_coding,KNOWN,TRDMT1,protein_coding,KNOWN,TRDMT1,17193346,A,[G],[]
4769,10,18523097,18550123,-,ENSG00000235020.2,ENSG00000235020.2,processed_transcript,NOVEL,RP11-109I13.2,processed_transcript,NOVEL,RP11-109I13.2,18546988,C,[T],[]
4878,10,55562531,57387702,-,ENSG00000150275.13,ENSG00000150275.13,protein_coding,KNOWN,PCDH15,protein_coding,KNOWN,PCDH15,55935933,C,[T],[]
4994,10,72194585,72196314,+,ENSG00000197604.4,ENSG00000197604.4,protein_coding,NOVEL,AC022532.1,protein_coding,NOVEL,AC022532.1,72195439,T,[C],[]
5023,10,81838402,81852313,+,ENSG00000133678.9,ENSG00000133678.9,protein_coding,KNOWN,TMEM254,protein_coding,KNOWN,TMEM254,81840120,A,[G],[]
5081,10,97471536,97637023,+,ENSG00000138185.12,ENSG00000138185.12,protein_coding,KNOWN,ENTPD1,protein_coding,KNOWN,ENTPD1,97602451,TA,[T],"['LowQual', 'QdFilter']"
5082,10,97512963,97849995,-,ENSG00000226688.2,ENSG00000226688.2,antisense,NOVEL,ENTPD1-AS1,antisense,NOVEL,ENTPD1-AS1,97602451,TA,[T],"['LowQual', 'QdFilter']"
5083,10,97593265,97633515,+,ENSG00000240527.1,ENSG00000240527.1,sense_intronic,NOVEL,RP11-429G19.3,sense_intronic,NOVEL,RP11-429G19.3,97602451,TA,[T],"['LowQual', 'QdFilter']"
5118,10,104845940,104953056,-,ENSG00000076685.14,ENSG00000076685.14,protein_coding,KNOWN,NT5C2,protein_coding,KNOWN,NT5C2,104854004,T,[TA],[]
5186,11,2629558,2721224,-,ENSG00000269821.1,ENSG00000269821.1,antisense,KNOWN,KCNQ1OT1,antisense,KNOWN,KCNQ1OT1,2683177,C,[T],[]
5213,11,5684425,5959849,-,ENSG00000132256.14,ENSG00000132256.14,protein_coding,KNOWN,TRIM5,protein_coding,KNOWN,TRIM5,5709028,C,[T],[]
5214,11,6624961,6632102,+,ENSG00000166333.9,ENSG00000166333.9,protein_coding,KNOWN,ILK,protein_coding,KNOWN,ILK,6630028,TC,[T],[]
5215,11,6627526,6633898,-,ENSG00000166337.5,ENSG00000166337.5,protein_coding,KNOWN,TAF10,protein_coding,KNOWN,TAF10,6630028,TC,[T],[]
5216,11,6629897,6631366,-,ENSG00000254641.1,ENSG00000254641.1,sense_overlapping,NOVEL,RP11-732A19.2,sense_overlapping,NOVEL,RP11-732A19.2,6630028,TC,[T],[]
5336,11,26580580,26593780,-,ENSG00000169550.8,ENSG00000169550.8,protein_coding,KNOWN,MUC15,protein_coding,KNOWN,MUC15,26581382,TAC,"[T, TACAC]",[]
5438,11,61560452,61634826,+,ENSG00000134824.9,ENSG00000134824.9,protein_coding,KNOWN,FADS2,protein_coding,KNOWN,FADS2,61597476,T,[C],[]
5470,11,63885744,63886682,-,ENSG00000256341.1,ENSG00000256341.1,antisense,NOVEL,RP11-21A7A.3,antisense,NOVEL,RP11-21A7A.3,63886066,GT,[G],[]
5471,11,65624597,65635124,+,ENSG00000172732.7,ENSG00000172732.7,protein_coding,KNOWN,MUS81,protein_coding,KNOWN,MUS81,65635096,A,[AG],[]
5481,11,66112843,66115163,-,ENSG00000174684.6,ENSG00000174684.6,protein_coding,KNOWN,B3GNT1,protein_coding,KNOWN,B3GNT1,66115150,CCCGCCCG,[C],[]
5545,11,115039938,115375675,-,ENSG00000182985.11,ENSG00000182985.11,protein_coding,KNOWN,CADM1,protein_coding,KNOWN,CADM1,115207176,C,[G],[]
5546,11,115204296,115210981,+,ENSG00000256972.1,ENSG00000256972.1,lincRNA,NOVEL,AP000462.3,lincRNA,NOVEL,AP000462.3,115207176,C,[G],[]
5702,12,6560856,6575683,+,ENSG00000139192.7,ENSG00000139192.7,protein_coding,KNOWN,TAPBPL,protein_coding,KNOWN,TAPBPL,6575191,A,[T],[]
5985,12,50720013,50790405,-,ENSG00000185958.5,ENSG00000185958.5,protein_coding,KNOWN,FAM186A,protein_coding,KNOWN,FAM186A,50768339,C,[T],[]
6058,12,64017568,64189498,-,ENSG00000249753.2,ENSG00000249753.2,antisense,NOVEL,RP11-415I12.3,antisense,NOVEL,RP11-415I12.3,64173807,G,[A],[]
6059,12,64173583,64203338,+,ENSG00000118600.7,ENSG00000118600.7,protein_coding,KNOWN,TMEM5,protein_coding,KNOWN,TMEM5,64173807,G,[A],[]
6094,12,112191694,112229222,+,ENSG00000257767.2,ENSG00000257767.2,protein_coding,KNOWN,RP11-162P23.2,protein_coding,KNOWN,RP11-162P23.2,112211833,T,[C],[]
6174,13,44716682,44813010,+,ENSG00000227258.1,ENSG00000227258.1,antisense,NOVEL,SMIM2-AS1,antisense,NOVEL,SMIM2-AS1,44754736,C,[T],[]
6214,14,21152259,21168761,+,ENSG00000258818.2,ENSG00000258818.2,protein_coding,KNOWN,RNASE4,protein_coding,KNOWN,RNASE4,21162456,G,[GT],[]
6215,14,21152336,21167130,+,ENSG00000214274.5,ENSG00000214274.5,protein_coding,KNOWN,ANG,protein_coding,KNOWN,ANG,21162456,G,[GT],[]
6216,14,21152746,21168735,+,ENSG00000259171.1,ENSG00000259171.1,processed_transcript,NOVEL,AL163636.6,processed_transcript,NOVEL,AL163636.6,21162456,G,[GT],[]
6217,14,21161639,21175279,-,ENSG00000258451.1,ENSG00000258451.1,lincRNA,NOVEL,RP11-903H12.3,lincRNA,NOVEL,RP11-903H12.3,21162456,G,[GT],[]
6370,14,53620072,53624246,+,ENSG00000258731.1,ENSG00000258731.1,antisense,NOVEL,RP11-547D23.1,antisense,NOVEL,RP11-547D23.1,53620153,G,[T],[]
6648,14,102502652,102532565,-,ENSG00000258959.1,ENSG00000258959.1,antisense,NOVEL,RP11-1017G21.4,antisense,NOVEL,RP11-1017G21.4,102513978,GTA,[G],[]
6706,15,37391540,37392374,+,ENSG00000259460.1,ENSG00000259460.1,antisense,NOVEL,RP11-128A17.1,antisense,NOVEL,RP11-128A17.1,37391752,C,[CT],['QdFilter']
6916,15,66782086,66784447,-,ENSG00000261351.1,ENSG00000261351.1,antisense,NOVEL,CTD-3185P2.1,antisense,NOVEL,CTD-3185P2.1,66783261,C,[A],[]
6917,15,66782473,66790151,-,ENSG00000174446.8,ENSG00000174446.8,protein_coding,KNOWN,SNAPC5,protein_coding,KNOWN,SNAPC5,66783261,C,[A],[]
6954,15,72668454,72671129,+,ENSG00000260339.1,ENSG00000260339.1,antisense,NOVEL,HEXA-AS1,antisense,NOVEL,HEXA-AS1,72668539,T,[C],[]
6963,15,75041185,75048543,+,ENSG00000140505.6,ENSG00000140505.6,protein_coding,KNOWN,CYP1A2,protein_coding,KNOWN,CYP1A2,75044238,G,[A],[]
7042,16,29820250,29831687,-,ENSG00000261962.1,ENSG00000261962.1,antisense,NOVEL,AC009133.20,antisense,NOVEL,AC009133.20,29825126,T,[C],[]
7043,16,29823177,29827201,+,ENSG00000167371.12,ENSG00000167371.12,protein_coding,KNOWN,PRRT2,protein_coding,KNOWN,PRRT2,29825126,T,[C],[]
7046,16,31072164,31085641,-,ENSG00000167394.8,ENSG00000167394.8,protein_coding,KNOWN,ZNF668,protein_coding,KNOWN,ZNF668,31079505,C,[G],[]
7047,16,31076816,31080567,+,ENSG00000261124.1,ENSG00000261124.1,antisense,NOVEL,AC135050.5,antisense,NOVEL,AC135050.5,31079505,C,[G],[]
7055,16,31193832,31194606,-,ENSG00000260304.1,ENSG00000260304.1,antisense,NOVEL,RP11-388M20.6,antisense,NOVEL,RP11-388M20.6,31193942,C,[A],[]
7198,17,7341592,7349285,+,ENSG00000161958.5,ENSG00000161958.5,protein_coding,KNOWN,FGF11,protein_coding,KNOWN,FGF11,7348625,A,[G],[]
7214,17,8191081,8198661,-,ENSG00000125434.6,ENSG00000125434.6,protein_coding,KNOWN,SLC25A35,protein_coding,KNOWN,SLC25A35,8193473,G,[A],[]
7273,17,19118928,19240028,+,ENSG00000072134.11,ENSG00000072134.11,protein_coding,KNOWN,EPN2,protein_coding,KNOWN,EPN2,19211073,C,[G],[]
7335,17,40610862,40674629,+,ENSG00000033627.10,ENSG00000033627.10,protein_coding,KNOWN,ATP6V0A1,protein_coding,KNOWN,ATP6V0A1,40658533,C,[T],[]
7338,17,43921017,43972966,-,ENSG00000264589.1,ENSG00000264589.1,antisense,NOVEL,MAPT-AS1,antisense,NOVEL,MAPT-AS1,43972414,CGTGT,"[C, CGT]",[]
7359,17,48248789,48258539,-,ENSG00000188662.5,ENSG00000188662.5,pseudogene,KNOWN,HILS1,pseudogene,KNOWN,HILS1,48252804,T,[C],[]
7394,17,56282803,56296966,-,ENSG00000011143.12,ENSG00000011143.12,protein_coding,KNOWN,MKS1,protein_coding,KNOWN,MKS1,56286027,C,[CT],[]
7760,18,19780582,19785192,-,ENSG00000266283.1,ENSG00000266283.1,antisense,NOVEL,RP11-627G18.1,antisense,NOVEL,RP11-627G18.1,19780858,G,[A],[]
7774,18,28681551,28742752,+,ENSG00000265888.1,ENSG00000265888.1,antisense,NOVEL,RP11-408H20.2,antisense,NOVEL,RP11-408H20.2,28683238,A,[G],[]
7778,18,29122109,29136874,-,ENSG00000264859.1,ENSG00000264859.1,antisense,NOVEL,RP11-75N4.2,antisense,NOVEL,RP11-75N4.2,29122922,G,[GT],[]
7800,18,40323192,40695657,-,ENSG00000152214.8,ENSG00000152214.8,protein_coding,KNOWN,RIT2,protein_coding,KNOWN,RIT2,40488013,G,[A],[]
7814,18,55215515,55254004,-,ENSG00000066926.6,ENSG00000066926.6,protein_coding,KNOWN,FECH,protein_coding,KNOWN,FECH,55225777,T,[C],[]
7830,19,6494331,6495036,+,ENSG00000268191.1,ENSG00000268191.1,antisense,NOVEL,CTD-2396E7.10,antisense,NOVEL,CTD-2396E7.10,6494915,C,[G],[]
7834,19,7598481,7604945,+,ENSG00000268614.1,ENSG00000268614.1,protein_coding,NOVEL,CTD-2207O23.10,protein_coding,NOVEL,CTD-2207O23.10,7604643,CAA,[C],[]
7921,19,11242196,11266484,-,ENSG00000161888.7,ENSG00000161888.7,protein_coding,KNOWN,SPC24,protein_coding,KNOWN,SPC24,11242307,G,[C],[]
7973,19,16607122,16632163,+,ENSG00000105072.4,ENSG00000105072.4,protein_coding,KNOWN,C19orf44,protein_coding,KNOWN,C19orf44,16607233,G,[C],[]
8095,19,47112534,47114036,-,ENSG00000269292.1,ENSG00000269292.1,antisense,NOVEL,CTB-12A17.3,antisense,NOVEL,CTB-12A17.3,47112740,C,[T],[]
8165,20,4666882,4682236,+,ENSG00000171867.12,ENSG00000171867.12,protein_coding,KNOWN,PRNP,protein_coding,KNOWN,PRNP,4680251,A,[G],[]
8190,20,10653576,10975572,+,ENSG00000270792.1,ENSG00000270792.1,antisense,NOVEL,RP11-103J8.1,antisense,NOVEL,RP11-103J8.1,10653814,CA,[C],[]
8240,20,56964178,57026157,+,ENSG00000124164.11,ENSG00000124164.11,protein_coding,KNOWN,VAPB,protein_coding,KNOWN,VAPB,57018796,G,[A],[]
8306,21,36160098,37357047,-,ENSG00000159216.13,ENSG00000159216.13,protein_coding,KNOWN,RUNX1,protein_coding,KNOWN,RUNX1,37133502,A,[T],[]
8307,21,37692487,37758446,+,ENSG00000159256.8,ENSG00000159256.8,protein_coding,KNOWN,MORC3,protein_coding,KNOWN,MORC3,37707768,C,[T],[]
8515,22,19929130,19957498,+,ENSG00000093010.7,ENSG00000093010.7,protein_coding,KNOWN,COMT,protein_coding,KNOWN,COMT,19929551,A,[G],[]
8567,22,30636436,30642840,-,ENSG00000128342.4,ENSG00000128342.4,protein_coding,KNOWN,LIF,protein_coding,KNOWN,LIF,30640595,G,[A],[]
8606,22,39101728,39134304,+,ENSG00000100226.11,ENSG00000100226.11,protein_coding,KNOWN,GTPBP1,protein_coding,KNOWN,GTPBP1,39132601,A,[T],[]
8728,X,47064320,47065264,+,ENSG00000224975.1,ENSG00000224975.1,protein_coding,KNOWN,INE1,protein_coding,KNOWN,INE1,47065186,G,[A],[]
8736,X,64732462,64754655,-,ENSG00000001497.12,ENSG00000001497.12,protein_coding,KNOWN,LAS1L,protein_coding,KNOWN,LAS1L,64734414,GCACA,"[G, GCA]",[]
8768,X,70435044,70445366,+,ENSG00000169562.9,ENSG00000169562.9,protein_coding,KNOWN,GJB1,protein_coding,KNOWN,GJB1,70442845,G,[A],[]
8777,X,73641085,73753752,+,ENSG00000147100.5,ENSG00000147100.5,protein_coding,KNOWN,SLC16A2,protein_coding,KNOWN,SLC16A2,73641569,T,[C],[]
8799,X,108867473,108877915,-,ENSG00000243736.1,ENSG00000243736.1,processed_transcript,NOVEL,RP1-136J15.3,processed_transcript,NOVEL,RP1-136J15.3,108868454,C,[T],[]
8819,X,136648301,136659850,+,ENSG00000156925.7,ENSG00000156925.7,protein_coding,KNOWN,ZIC3,protein_coding,KNOWN,ZIC3,136650934,A,[T],[]
8828,X,150564987,150577836,+,ENSG00000160131.9,ENSG00000160131.9,protein_coding,KNOWN,VMA21,protein_coding,KNOWN,VMA21,150573322,G,[GT],[]
8847,X,153629579,153640449,-,ENSG00000013563.8,ENSG00000013563.8,protein_coding,KNOWN,DNASE1L1,protein_coding,KNOWN,DNASE1L1,153640060,CT,[C],[]
8848,X,153639854,153650065,+,ENSG00000102125.11,ENSG00000102125.11,protein_coding,KNOWN,TAZ,protein_coding,KNOWN,TAZ,153640060,CT,[C],[]
8849,Y,15360259,15592553,-,ENSG00000183878.11,ENSG00000183878.11,protein_coding,KNOWN,UTY,protein_coding,KNOWN,UTY,15526882,C,[CT],['QdFilter']
